{
    "i1": {
        "count": 893417597.0,
        "mean": 36.28015524525201,
        "stddev": 487.83087773466656,
        "min": 1.0,
        "max": 65535.0
    },
    "i2": {
        "count": 994943968.0,
        "mean": 431.63412065130484,
        "stddev": 715.1204459254147,
        "min": 1.0,
        "max": 8000.0
    },
    "i3": {
        "count": 831729011.0,
        "mean": 7.328372578553713,
        "stddev": 10.403282887927935,
        "min": 0.0,
        "max": 3611.0
    },
    "i4": {
        "count": 708897468.0,
        "mean": 132.88527383060142,
        "stddev": 618.8693559183571,
        "min": 0.0,
        "max": 746810.0
    },
    "i5": {
        "count": 647006793.0,
        "mean": 22.293307197162612,
        "stddev": 78.7475796294848,
        "min": 1.0,
        "max": 8000.0
    },
    "i6": {
        "count": 1006600132.0,
        "mean": 1.6534406822430259,
        "stddev": 23.706792562070305,
        "min": 0.0,
        "max": 61739.0
    },
    "i7": {
        "count": 1064972463.0,
        "mean": 0.1602102701504311,
        "stddev": 2.2504537914866223,
        "min": 0.0,
        "max": 5277.0
    },
    "i8": {
        "count": 1097977062.0,
        "mean": 111.00879906268935,
        "stddev": 386.5844648952071,
        "min": -1.0,
        "max": 400947.0
    },
    "i9": {
        "count": 1097977061.0,
        "mean": 9.914854464341127,
        "stddev": 18.29717848669408,
        "min": 0.0,
        "max": 15009.0
    },
    "i10": {
        "count": 1006600132.0,
        "mean": 0.288907466584755,
        "stddev": 0.5621371962229217,
        "min": 0.0,
        "max": 19.0
    },
    "i11": {
        "count": 647006793.0,
        "mean": 4.121281573623293,
        "stddev": 7.057860789091209,
        "min": 1.0,
        "max": 555.0
    },
    "i12": {
        "count": 1071382209.0,
        "mean": 21670.633614531114,
        "stddev": 75091.48727384555,
        "min": 0.0,
        "max": 35054300.0
    },
    "i13": {
        "count": 831729011.0,
        "mean": 9.241839024898459,
        "stddev": 25.14339851409827,
        "min": 0.0,
        "max": 21843.0
    }
}